rows_final,avg_total_amount,median_total_amount,avg_distance,avg_duration_min,pct_risk_high,pct_cash
3328229,27.12841209544175,20.37,5.390120517548523,15.062534388909738,0.010626672623788807,0.1129014860455816
